{"cameraMode":{"drawMode":0,"name":"Shaded","section":"Shading Mode"},"sceneLighting":false,"audioPlay":false,"sceneViewState":{"showFog":true,"showMaterialUpdate":false,"showSkybox":true,"showFlares":true,"showImageEffects":true,"showParticleSystems":true},"in2DMode":false,"pivot":{"x":0.46963125467300417,"y":-18.19633674621582,"z":-45.21295166015625},"rotation":{"x":0.002267269417643547,"y":0.9600968956947327,"z":-0.2800390422344208,"w":-0.0013287989422678948},"size":18.992321014404298,"orthographic":false}